iter	RMSE
0	280.7743126
1	264.1214251
